{
  "metrics": {
    "accuracy": 0.8212023088835704,
    "f1": 0.8056618209640398,
    "roc_auc": 0.9045085113198038
  }
}